Dataflow,Geographic Area,Indicator,Sex,Time Period,Observation Value,Unit of Measure,Observation Status,Observation Confidentaility,Lower Bound,Upper Bound,Weighted Sample Size,Observation Footnote,Series Footnote,Data Source,Citation of or link to the data source,Custodian,Time period activity related to when the data are collected such as start of fieldwork,Reference Period,The period of time for which data are provided,Current Age
Cross-sector Indicators,Afghanistan,Labour force participation rate,Female,2017,21.1713,%,Normal value,,,,,,,International Labour Organization (ILO),,,,,,Total
Cross-sector Indicators,Afghanistan,Labour force participation rate,Male,2017,73.1636,%,Normal value,,,,,,,International Labour Organization (ILO),,,,,,Total
Cross-sector Indicators,Angola,Labour force participation rate,Female,2011,74.9121,%,Normal value,,,,,,,International Labour Organization (ILO),,,,,,Total
Cross-sector Indicators,Angola,Labour force participation rate,Male,2011,79.9498,%,Normal value,,,,,,,International Labour Organization (ILO),,,,,,Total
Cross-sector Indicators,Armenia,Labour force participation rate,Female,2017,52.7638,%,Normal value,,,,,,,International Labour Organization (ILO),,,,,,Total
Cross-sector Indicators,Armenia,Labour force participation rate,Male,2017,70.5697,%,Normal value,,,,,,,International Labour Organization (ILO),,,,,,Total
Cross-sector Indicators,Australia,Labour force participation rate,Female,2017,59.85,%,Normal value,,,,,,,International Labour Organization (ILO),,,,,,Total
Cross-sector Indicators,Australia,Labour force participation rate,Male,2017,70.68,%,Normal value,,,,,,,International Labour Organization (ILO),,,,,,Total
Cross-sector Indicators,Austria,Labour force participation rate,Female,2018,55.914,%,Normal value,,,,,,,International Labour Organization (ILO),,,,,,Total
Cross-sector Indicators,Austria,Labour force participation rate,Male,2018,67.1135,%,Normal value,,,,,,,International Labour Organization (ILO),,,,,,Total
Cross-sector Indicators,Burundi,Labour force participation rate,Female,2014,79.8308,%,Normal value,,,,,,,International Labour Organization (ILO),,,,,,Total
Cross-sector Indicators,Burundi,Labour force participation rate,Male,2014,77.8943,%,Normal value,,,,,,,International Labour Organization (ILO),,,,,,Total
Cross-sector Indicators,Belgium,Labour force participation rate,Female,2018,49.5219,%,Normal value,,,,,,,International Labour Organization (ILO),,,,,,Total
Cross-sector Indicators,Belgium,Labour force participation rate,Male,2018,59.0378,%,Normal value,,,,,,,International Labour Organization (ILO),,,,,,Total
Cross-sector Indicators,Benin,Labour force participation rate,Female,2011,69.6992,%,Normal value,,,,,,,International Labour Organization (ILO),,,,,,Total
Cross-sector Indicators,Benin,Labour force participation rate,Male,2011,74.3758,%,Normal value,,,,,,,International Labour Organization (ILO),,,,,,Total
Cross-sector Indicators,Burkina Faso,Labour force participation rate,Female,2014,58.2901,%,Normal value,,,,,,,International Labour Organization (ILO),,,,,,Total
Cross-sector Indicators,Burkina Faso,Labour force participation rate,Male,2014,74.6037,%,Normal value,,,,,,,International Labour Organization (ILO),,,,,,Total
Cross-sector Indicators,Bangladesh,Labour force participation rate,Female,2017,36.3457,%,Normal value,,,,,,,International Labour Organization (ILO),,,,,,Total
Cross-sector Indicators,Bangladesh,Labour force participation rate,Male,2017,80.6739,%,Normal value,,,,,,,International Labour Organization (ILO),,,,,,Total
Cross-sector Indicators,Bulgaria,Labour force participation rate,Female,2018,49.2206,%,Normal value,,,,,,,International Labour Organization (ILO),,,,,,Total
Cross-sector Indicators,Bulgaria,Labour force participation rate,Male,2018,61.9348,%,Normal value,,,,,,,International Labour Organization (ILO),,,,,,Total
Cross-sector Indicators,Bosnia and Herzegovina,Labour force participation rate,Female,2018,31.3681,%,Normal value,,,,,,,International Labour Organization (ILO),,,,,,Total
Cross-sector Indicators,Bosnia and Herzegovina,Labour force participation rate,Male,2018,52.9297,%,Normal value,,,,,,,International Labour Organization (ILO),,,,,,Total
Cross-sector Indicators,Belize,Labour force participation rate,Female,2017,48.812,%,Normal value,,,,,,,International Labour Organization (ILO),,,,,,Total
Cross-sector Indicators,Belize,Labour force participation rate,Male,2017,79.4843,%,Normal value,,,,,,,International Labour Organization (ILO),,,,,,Total
Cross-sector Indicators,Bolivia (Plurinational State of),Labour force participation rate,Female,2018,63.8001,%,Normal value,,,,,,,International Labour Organization (ILO),,,,,,Total
Cross-sector Indicators,Bolivia (Plurinational State of),Labour force participation rate,Male,2018,80.3023,%,Normal value,,,,,,,International Labour Organization (ILO),,,,,,Total
Cross-sector Indicators,Brazil,Labour force participation rate,Female,2014,56.09,%,Normal value,,,,,,,International Labour Organization (ILO),,,,,,Total
Cross-sector Indicators,Brazil,Labour force participation rate,Male,2014,77.87,%,Normal value,,,,,,,International Labour Organization (ILO),,,,,,Total
Cross-sector Indicators,Brunei Darussalam,Labour force participation rate,Female,2017,56.4947,%,Normal value,,,,,,,International Labour Organization (ILO),,,,,,Total
Cross-sector Indicators,Brunei Darussalam,Labour force participation rate,Male,2017,68.8925,%,Normal value,,,,,,,International Labour Organization (ILO),,,,,,Total
Cross-sector Indicators,Bhutan,Labour force participation rate,Female,2015,55.94,%,Normal value,,,,,,,International Labour Organization (ILO),,,,,,Total
Cross-sector Indicators,Bhutan,Labour force participation rate,Male,2015,71.18,%,Normal value,,,,,,,International Labour Organization (ILO),,,,,,Total
Cross-sector Indicators,Botswana,Labour force participation rate,Female,2009,55.7599,%,Normal value,,,,,,,International Labour Organization (ILO),,,,,,Total
Cross-sector Indicators,Botswana,Labour force participation rate,Male,2009,69.5932,%,Normal value,,,,,,,International Labour Organization (ILO),,,,,,Total
Cross-sector Indicators,Canada,Labour force participation rate,Female,2018,61.3,%,Normal value,,,,,,,International Labour Organization (ILO),,,,,,Total
Cross-sector Indicators,Canada,Labour force participation rate,Male,2018,69.6,%,Normal value,,,,,,,International Labour Organization (ILO),,,,,,Total
Cross-sector Indicators,Switzerland,Labour force participation rate,Female,2018,62.9131,%,Normal value,,,,,,,International Labour Organization (ILO),,,,,,Total
Cross-sector Indicators,Switzerland,Labour force participation rate,Male,2018,74.2389,%,Normal value,,,,,,,International Labour Organization (ILO),,,,,,Total
Cross-sector Indicators,Chile,Labour force participation rate,Female,2018,49.2487,%,Normal value,,,,,,,International Labour Organization (ILO),,,,,,Total
Cross-sector Indicators,Chile,Labour force participation rate,Male,2018,70.7516,%,Normal value,,,,,,,International Labour Organization (ILO),,,,,,Total
Cross-sector Indicators,C?te d'Ivoire,Labour force participation rate,Female,2017,46.224,%,Normal value,,,,,,,International Labour Organization (ILO),,,,,,Total
Cross-sector Indicators,C?te d'Ivoire,Labour force participation rate,Male,2017,65.5942,%,Normal value,,,,,,,International Labour Organization (ILO),,,,,,Total
Cross-sector Indicators,Cameroon,Labour force participation rate,Female,2014,67.1926,%,Normal value,,,,,,,International Labour Organization (ILO),,,,,,Total
Cross-sector Indicators,Cameroon,Labour force participation rate,Male,2014,77.5023,%,Normal value,,,,,,,International Labour Organization (ILO),,,,,,Total
Cross-sector Indicators,Democratic Republic of the Congo,Labour force participation rate,Female,2012,62.5293,%,Normal value,,,,,,,International Labour Organization (ILO),,,,,,Total
Cross-sector Indicators,Democratic Republic of the Congo,Labour force participation rate,Male,2012,69.7949,%,Normal value,,,,,,,International Labour Organization (ILO),,,,,,Total
Cross-sector Indicators,Congo,Labour force participation rate,Female,2005,66.8695,%,Normal value,,,,,,,International Labour Organization (ILO),,,,,,Total
Cross-sector Indicators,Congo,Labour force participation rate,Male,2005,69.0898,%,Normal value,,,,,,,International Labour Organization (ILO),,,,,,Total
Cross-sector Indicators,Colombia,Labour force participation rate,Female,2018,57.0122,%,Normal value,,,,,,,International Labour Organization (ILO),,,,,,Total
Cross-sector Indicators,Colombia,Labour force participation rate,Male,2018,80.4865,%,Normal value,,,,,,,International Labour Organization (ILO),,,,,,Total
Cross-sector Indicators,Comoros,Labour force participation rate,Female,2004,32.5261,%,Normal value,,,,,,,International Labour Organization (ILO),,,,,,Total
Cross-sector Indicators,Comoros,Labour force participation rate,Male,2004,50.7063,%,Normal value,,,,,,,International Labour Organization (ILO),,,,,,Total
Cross-sector Indicators,Cabo Verde,Labour force participation rate,Female,2018,48.72,%,Normal value,,,,,,,International Labour Organization (ILO),,,,,,Total
Cross-sector Indicators,Cabo Verde,Labour force participation rate,Male,2018,62.5,%,Normal value,,,,,,,International Labour Organization (ILO),,,,,,Total
Cross-sector Indicators,Costa Rica,Labour force participation rate,Female,2018,46.3674,%,Normal value,,,,,,,International Labour Organization (ILO),,,,,,Total
Cross-sector Indicators,Costa Rica,Labour force participation rate,Male,2018,73.9783,%,Normal value,,,,,,,International Labour Organization (ILO),,,,,,Total
Cross-sector Indicators,Cyprus,Labour force participation rate,Female,2018,57.3727,%,Normal value,,,,,,,International Labour Organization (ILO),,,,,,Total
Cross-sector Indicators,Cyprus,Labour force participation rate,Male,2018,67.8273,%,Normal value,,,,,,,International Labour Organization (ILO),,,,,,Total
Cross-sector Indicators,Czechia,Labour force participation rate,Female,2018,52.7763,%,Normal value,,,,,,,International Labour Organization (ILO),,,,,,Total
Cross-sector Indicators,Czechia,Labour force participation rate,Male,2018,68.7208,%,Normal value,,,,,,,International Labour Organization (ILO),,,,,,Total
Cross-sector Indicators,Germany,Labour force participation rate,Female,2018,55.946,%,Normal value,,,,,,,International Labour Organization (ILO),,,,,,Total
Cross-sector Indicators,Germany,Labour force participation rate,Male,2018,66.7857,%,Normal value,,,,,,,International Labour Organization (ILO),,,,,,Total
Cross-sector Indicators,Denmark,Labour force participation rate,Female,2018,58.4315,%,Normal value,,,,,,,International Labour Organization (ILO),,,,,,Total
Cross-sector Indicators,Denmark,Labour force participation rate,Male,2018,66.6409,%,Normal value,,,,,,,International Labour Organization (ILO),,,,,,Total
Cross-sector Indicators,Dominican Republic,Labour force participation rate,Female,2017,49.2069,%,Normal value,,,,,,,International Labour Organization (ILO),,,,,,Total
Cross-sector Indicators,Dominican Republic,Labour force participation rate,Male,2017,76.3729,%,Normal value,,,,,,,International Labour Organization (ILO),,,,,,Total
Cross-sector Indicators,Algeria,Labour force participation rate,Female,2017,13.46,%,Normal value,,,,,,,International Labour Organization (ILO),,,,,,Total
Cross-sector Indicators,Algeria,Labour force participation rate,Male,2017,60.01,%,Normal value,,,,,,,International Labour Organization (ILO),,,,,,Total
Cross-sector Indicators,Ecuador,Labour force participation rate,Female,2018,54.63,%,Normal value,,,,,,,International Labour Organization (ILO),,,,,,Total
Cross-sector Indicators,Ecuador,Labour force participation rate,Male,2018,79.2772,%,Normal value,,,,,,,International Labour Organization (ILO),,,,,,Total
Cross-sector Indicators,Egypt,Labour force participation rate,Female,2017,21.9802,%,Normal value,,,,,,,International Labour Organization (ILO),,,,,,Total
Cross-sector Indicators,Egypt,Labour force participation rate,Male,2017,66.8729,%,Normal value,,,,,,,International Labour Organization (ILO),,,,,,Total
Cross-sector Indicators,Spain,Labour force participation rate,Female,2018,52.4225,%,Normal value,,,,,,,International Labour Organization (ILO),,,,,,Total
Cross-sector Indicators,Spain,Labour force participation rate,Male,2018,63.7207,%,Normal value,,,,,,,International Labour Organization (ILO),,,,,,Total
Cross-sector Indicators,Estonia,Labour force participation rate,Female,2018,57.3909,%,Normal value,,,,,,,International Labour Organization (ILO),,,,,,Total
Cross-sector Indicators,Estonia,Labour force participation rate,Male,2018,71.2978,%,Normal value,,,,,,,International Labour Organization (ILO),,,,,,Total
Cross-sector Indicators,Ethiopia,Labour force participation rate,Female,2013,74.63,%,Normal value,,,,,,,International Labour Organization (ILO),,,,,,Total
Cross-sector Indicators,Ethiopia,Labour force participation rate,Male,2013,85,%,Normal value,,,,,,,International Labour Organization (ILO),,,,,,Total
Cross-sector Indicators,Finland,Labour force participation rate,Female,2018,55.8902,%,Normal value,,,,,,,International Labour Organization (ILO),,,,,,Total
Cross-sector Indicators,Finland,Labour force participation rate,Male,2018,63.1712,%,Normal value,,,,,,,International Labour Organization (ILO),,,,,,Total
Cross-sector Indicators,Fiji,Labour force participation rate,Female,2016,38.5502,%,Normal value,,,,,,,International Labour Organization (ILO),,,,,,Total
Cross-sector Indicators,Fiji,Labour force participation rate,Male,2016,76.9944,%,Normal value,,,,,,,International Labour Organization (ILO),,,,,,Total
Cross-sector Indicators,Falkland Islands (Malvinas),Labour force participation rate,Female,2016,85.21,%,Normal value,,,,,,,International Labour Organization (ILO),,,,,,Total
Cross-sector Indicators,Falkland Islands (Malvinas),Labour force participation rate,Male,2016,94.99,%,Normal value,,,,,,,International Labour Organization (ILO),,,,,,Total
Cross-sector Indicators,France,Labour force participation rate,Female,2018,51.6262,%,Normal value,,,,,,,International Labour Organization (ILO),,,,,,Total
Cross-sector Indicators,France,Labour force participation rate,Male,2018,60.3446,%,Normal value,,,,,,,International Labour Organization (ILO),,,,,,Total
Cross-sector Indicators,United Kingdom,Labour force participation rate,Female,2018,58.0308,%,Normal value,,,,,,,International Labour Organization (ILO),,,,,,Total
Cross-sector Indicators,United Kingdom,Labour force participation rate,Male,2018,68.3476,%,Normal value,,,,,,,International Labour Organization (ILO),,,,,,Total
Cross-sector Indicators,Georgia,Labour force participation rate,Female,2017,58.2017,%,Normal value,,,,,,,International Labour Organization (ILO),,,,,,Total
Cross-sector Indicators,Georgia,Labour force participation rate,Male,2017,74.5859,%,Normal value,,,,,,,International Labour Organization (ILO),,,,,,Total
Cross-sector Indicators,Ghana,Labour force participation rate,Female,2017,55.3034,%,Normal value,,,,,,,International Labour Organization (ILO),,,,,,Total
Cross-sector Indicators,Ghana,Labour force participation rate,Male,2017,58.8385,%,Normal value,,,,,,,International Labour Organization (ILO),,,,,,Total
Cross-sector Indicators,Guinea,Labour force participation rate,Female,2002,62.8091,%,Normal value,,,,,,,International Labour Organization (ILO),,,,,,Total
Cross-sector Indicators,Guinea,Labour force participation rate,Male,2002,66.3914,%,Normal value,,,,,,,International Labour Organization (ILO),,,,,,Total
Cross-sector Indicators,Gambia,Labour force participation rate,Female,2012,50.448,%,Normal value,,,,,,,International Labour Organization (ILO),,,,,,Total
Cross-sector Indicators,Gambia,Labour force participation rate,Male,2012,68.6305,%,Normal value,,,,,,,International Labour Organization (ILO),,,,,,Total
Cross-sector Indicators,Greece,Labour force participation rate,Female,2018,44.3203,%,Normal value,,,,,,,International Labour Organization (ILO),,,,,,Total
Cross-sector Indicators,Greece,Labour force participation rate,Male,2018,60.0289,%,Normal value,,,,,,,International Labour Organization (ILO),,,,,,Total
Cross-sector Indicators,Guatemala,Labour force participation rate,Female,2017,39.1992,%,Normal value,,,,,,,International Labour Organization (ILO),,,,,,Total
Cross-sector Indicators,Guatemala,Labour force participation rate,Male,2017,85.2476,%,Normal value,,,,,,,International Labour Organization (ILO),,,,,,Total
Cross-sector Indicators,Guyana,Labour force participation rate,Female,2017,43.6311,%,Normal value,,,,,,,International Labour Organization (ILO),,,,,,Total
Cross-sector Indicators,Guyana,Labour force participation rate,Male,2017,68.8683,%,Normal value,,,,,,,International Labour Organization (ILO),,,,,,Total
Cross-sector Indicators,Honduras,Labour force participation rate,Female,2017,45.614,%,Normal value,,,,,,,International Labour Organization (ILO),,,,,,Total
Cross-sector Indicators,Honduras,Labour force participation rate,Male,2017,83.9802,%,Normal value,,,,,,,International Labour Organization (ILO),,,,,,Total
Cross-sector Indicators,Croatia,Labour force participation rate,Female,2018,45.5057,%,Normal value,,,,,,,International Labour Organization (ILO),,,,,,Total
Cross-sector Indicators,Croatia,Labour force participation rate,Male,2018,57.4001,%,Normal value,,,,,,,International Labour Organization (ILO),,,,,,Total
Cross-sector Indicators,Haiti,Labour force participation rate,Female,2012,53.8673,%,Normal value,,,,,,,International Labour Organization (ILO),,,,,,Total
Cross-sector Indicators,Haiti,Labour force participation rate,Male,2012,73.9966,%,Normal value,,,,,,,International Labour Organization (ILO),,,,,,Total
Cross-sector Indicators,Hungary,Labour force participation rate,Female,2018,48.6909,%,Normal value,,,,,,,International Labour Organization (ILO),,,,,,Total
Cross-sector Indicators,Hungary,Labour force participation rate,Male,2018,65.7609,%,Normal value,,,,,,,International Labour Organization (ILO),,,,,,Total
Cross-sector Indicators,Indonesia,Labour force participation rate,Female,2017,52.1665,%,Normal value,,,,,,,International Labour Organization (ILO),,,,,,Total
Cross-sector Indicators,Indonesia,Labour force participation rate,Male,2017,81.8306,%,Normal value,,,,,,,International Labour Organization (ILO),,,,,,Total
Cross-sector Indicators,India,Labour force participation rate,Female,2012,23.3464,%,Normal value,,,,,,,International Labour Organization (ILO),,,,,,Total
Cross-sector Indicators,India,Labour force participation rate,Male,2012,79.0743,%,Normal value,,,,,,,International Labour Organization (ILO),,,,,,Total
Cross-sector Indicators,Ireland,Labour force participation rate,Female,2018,56.0401,%,Normal value,,,,,,,International Labour Organization (ILO),,,,,,Total
Cross-sector Indicators,Ireland,Labour force participation rate,Male,2018,68.5238,%,Normal value,,,,,,,International Labour Organization (ILO),,,,,,Total
Cross-sector Indicators,Iran (Islamic Republic of),Labour force participation rate,Female,2016,14.93,%,Normal value,,,,,,,International Labour Organization (ILO),,,,,,Total
Cross-sector Indicators,Iran (Islamic Republic of),Labour force participation rate,Male,2016,64.07,%,Normal value,,,,,,,International Labour Organization (ILO),,,,,,Total
Cross-sector Indicators,Iraq,Labour force participation rate,Female,2017,11.18,%,Normal value,,,,,,,International Labour Organization (ILO),,,,,,Total
Cross-sector Indicators,Iraq,Labour force participation rate,Male,2017,72.42,%,Normal value,,,,,,,International Labour Organization (ILO),,,,,,Total
Cross-sector Indicators,Iceland,Labour force participation rate,Female,2018,77.9171,%,Normal value,,,,,,,International Labour Organization (ILO),,,,,,Total
Cross-sector Indicators,Iceland,Labour force participation rate,Male,2018,85.5249,%,Normal value,,,,,,,International Labour Organization (ILO),,,,,,Total
Cross-sector Indicators,Israel,Labour force participation rate,Female,2018,59.79,%,Normal value,,,,,,,International Labour Organization (ILO),,,,,,Total
Cross-sector Indicators,Israel,Labour force participation rate,Male,2018,68.24,%,Normal value,,,,,,,International Labour Organization (ILO),,,,,,Total
Cross-sector Indicators,Italy,Labour force participation rate,Female,2018,41.0966,%,Normal value,,,,,,,International Labour Organization (ILO),,,,,,Total
Cross-sector Indicators,Italy,Labour force participation rate,Male,2018,59.3895,%,Normal value,,,,,,,International Labour Organization (ILO),,,,,,Total
Cross-sector Indicators,Jamaica,Labour force participation rate,Female,2017,60.71,%,Normal value,,,,,,,International Labour Organization (ILO),,,,,,Total
Cross-sector Indicators,Jamaica,Labour force participation rate,Male,2017,73.18,%,Normal value,,,,,,,International Labour Organization (ILO),,,,,,Total
Cross-sector Indicators,Kenya,Labour force participation rate,Female,2016,71.4595,%,Normal value,,,,,,,International Labour Organization (ILO),,,,,,Total
Cross-sector Indicators,Kenya,Labour force participation rate,Male,2016,77.5,%,Normal value,,,,,,,International Labour Organization (ILO),,,,,,Total
Cross-sector Indicators,Kyrgyzstan,Labour force participation rate,Female,2017,45.88,%,Normal value,,,,,,,International Labour Organization (ILO),,,,,,Total
Cross-sector Indicators,Kyrgyzstan,Labour force participation rate,Male,2017,74.98,%,Normal value,,,,,,,International Labour Organization (ILO),,,,,,Total
Cross-sector Indicators,Cambodia,Labour force participation rate,Female,2016,75.9136,%,Normal value,,,,,,,International Labour Organization (ILO),,,,,,Total
Cross-sector Indicators,Cambodia,Labour force participation rate,Male,2016,88.0712,%,Normal value,,,,,,,International Labour Organization (ILO),,,,,,Total
Cross-sector Indicators,Republic of Korea,Labour force participation rate,Female,2018,53.2723,%,Normal value,,,,,,,International Labour Organization (ILO),,,,,,Total
Cross-sector Indicators,Republic of Korea,Labour force participation rate,Male,2018,73.82,%,Normal value,,,,,,,International Labour Organization (ILO),,,,,,Total
Cross-sector Indicators,Lao People's Democratic Republic,Labour force participation rate,Female,2017,36.5379,%,Normal value,,,,,,,International Labour Organization (ILO),,,,,,Total
Cross-sector Indicators,Lao People's Democratic Republic,Labour force participation rate,Male,2017,45.2036,%,Normal value,,,,,,,International Labour Organization (ILO),,,,,,Total
Cross-sector Indicators,Liberia,Labour force participation rate,Female,2016,72.1565,%,Normal value,,,,,,,International Labour Organization (ILO),,,,,,Total
Cross-sector Indicators,Liberia,Labour force participation rate,Male,2016,82.3102,%,Normal value,,,,,,,International Labour Organization (ILO),,,,,,Total
Cross-sector Indicators,Sri Lanka,Labour force participation rate,Female,2016,35.7743,%,Normal value,,,,,,,International Labour Organization (ILO),,,,,,Total
Cross-sector Indicators,Sri Lanka,Labour force participation rate,Male,2016,75.0276,%,Normal value,,,,,,,International Labour Organization (ILO),,,,,,Total
Cross-sector Indicators,Lithuania,Labour force participation rate,Female,2018,56.526,%,Normal value,,,,,,,International Labour Organization (ILO),,,,,,Total
Cross-sector Indicators,Lithuania,Labour force participation rate,Male,2018,67.605,%,Normal value,,,,,,,International Labour Organization (ILO),,,,,,Total
Cross-sector Indicators,Luxembourg,Labour force participation rate,Female,2018,55.7998,%,Normal value,,,,,,,International Labour Organization (ILO),,,,,,Total
Cross-sector Indicators,Luxembourg,Labour force participation rate,Male,2018,63.9394,%,Normal value,,,,,,,International Labour Organization (ILO),,,,,,Total
Cross-sector Indicators,Latvia,Labour force participation rate,Female,2018,55.809,%,Normal value,,,,,,,International Labour Organization (ILO),,,,,,Total
Cross-sector Indicators,Latvia,Labour force participation rate,Male,2018,68.3771,%,Normal value,,,,,,,International Labour Organization (ILO),,,,,,Total
Cross-sector Indicators,Morocco,Labour force participation rate,Female,2012,24.74,%,Normal value,,,,,,,International Labour Organization (ILO),,,,,,Total
Cross-sector Indicators,Morocco,Labour force participation rate,Male,2012,73.6,%,Normal value,,,,,,,International Labour Organization (ILO),,,,,,Total
Cross-sector Indicators,Republic of Moldova,Labour force participation rate,Female,2018,41.0073,%,Normal value,,,,,,,International Labour Organization (ILO),,,,,,Total
Cross-sector Indicators,Republic of Moldova,Labour force participation rate,Male,2018,45.8045,%,Normal value,,,,,,,International Labour Organization (ILO),,,,,,Total
Cross-sector Indicators,Madagascar,Labour force participation rate,Female,2015,83.5869,%,Normal value,,,,,,,International Labour Organization (ILO),,,,,,Total
Cross-sector Indicators,Madagascar,Labour force participation rate,Male,2015,89.2094,%,Normal value,,,,,,,International Labour Organization (ILO),,,,,,Total
Cross-sector Indicators,Maldives,Labour force participation rate,Female,2014,46.77,%,Normal value,,,,,,,International Labour Organization (ILO),,,,,,Total
Cross-sector Indicators,Maldives,Labour force participation rate,Male,2014,78.47,%,Normal value,,,,,,,International Labour Organization (ILO),,,,,,Total
Cross-sector Indicators,Mexico,Labour force participation rate,Female,2018,43.4634,%,Normal value,,,,,,,International Labour Organization (ILO),,,,,,Total
Cross-sector Indicators,Mexico,Labour force participation rate,Male,2018,77.3692,%,Normal value,,,,,,,International Labour Organization (ILO),,,,,,Total
Cross-sector Indicators,North Macedonia,Labour force participation rate,Female,2018,43.0351,%,Normal value,,,,,,,International Labour Organization (ILO),,,,,,Total
Cross-sector Indicators,North Macedonia,Labour force participation rate,Male,2018,67.4669,%,Normal value,,,,,,,International Labour Organization (ILO),,,,,,Total
Cross-sector Indicators,Mali,Labour force participation rate,Female,2018,55.13,%,Normal value,,,,,,,International Labour Organization (ILO),,,,,,Total
Cross-sector Indicators,Mali,Labour force participation rate,Male,2018,81.43,%,Normal value,,,,,,,International Labour Organization (ILO),,,,,,Total
Cross-sector Indicators,Malta,Labour force participation rate,Female,2018,48.9601,%,Normal value,,,,,,,International Labour Organization (ILO),,,,,,Total
Cross-sector Indicators,Malta,Labour force participation rate,Male,2018,69.7261,%,Normal value,,,,,,,International Labour Organization (ILO),,,,,,Total
Cross-sector Indicators,Myanmar,Labour force participation rate,Female,2017,47.7242,%,Normal value,,,,,,,International Labour Organization (ILO),,,,,,Total
Cross-sector Indicators,Myanmar,Labour force participation rate,Male,2017,77.3291,%,Normal value,,,,,,,International Labour Organization (ILO),,,,,,Total
Cross-sector Indicators,Mongolia,Labour force participation rate,Female,2017,53.9543,%,Normal value,,,,,,,International Labour Organization (ILO),,,,,,Total
Cross-sector Indicators,Mongolia,Labour force participation rate,Male,2017,65.5843,%,Normal value,,,,,,,International Labour Organization (ILO),,,,,,Total
Cross-sector Indicators,Mozambique,Labour force participation rate,Female,2015,78.1435,%,Normal value,,,,,,,International Labour Organization (ILO),,,,,,Total
Cross-sector Indicators,Mozambique,Labour force participation rate,Male,2015,80.0937,%,Normal value,,,,,,,International Labour Organization (ILO),,,,,,Total
Cross-sector Indicators,Mauritania,Labour force participation rate,Female,2012,28.0331,%,Normal value,,,,,,,International Labour Organization (ILO),,,,,,Total
Cross-sector Indicators,Mauritania,Labour force participation rate,Male,2012,62.7963,%,Normal value,,,,,,,International Labour Organization (ILO),,,,,,Total
Cross-sector Indicators,Malawi,Labour force participation rate,Female,2017,50.3876,%,Normal value,,,,,,,International Labour Organization (ILO),,,,,,Total
Cross-sector Indicators,Malawi,Labour force participation rate,Male,2017,59.9028,%,Normal value,,,,,,,International Labour Organization (ILO),,,,,,Total
Cross-sector Indicators,Malaysia,Labour force participation rate,Female,2016,54.31,%,Normal value,,,,,,,International Labour Organization (ILO),,,,,,Total
Cross-sector Indicators,Malaysia,Labour force participation rate,Male,2016,80.17,%,Normal value,,,,,,,International Labour Organization (ILO),,,,,,Total
Cross-sector Indicators,Namibia,Labour force participation rate,Female,2018,55.4167,%,Normal value,,,,,,,International Labour Organization (ILO),,,,,,Total
Cross-sector Indicators,Namibia,Labour force participation rate,Male,2018,62.6951,%,Normal value,,,,,,,International Labour Organization (ILO),,,,,,Total
Cross-sector Indicators,New Caledonia,Labour force participation rate,Female,2014,58.91,%,Normal value,,,,,,,International Labour Organization (ILO),,,,,,Total
Cross-sector Indicators,New Caledonia,Labour force participation rate,Male,2014,69.06,%,Normal value,,,,,,,International Labour Organization (ILO),,,,,,Total
Cross-sector Indicators,Niger,Labour force participation rate,Female,2014,62.9708,%,Normal value,,,,,,,International Labour Organization (ILO),,,,,,Total
Cross-sector Indicators,Niger,Labour force participation rate,Male,2014,85.9826,%,Normal value,,,,,,,International Labour Organization (ILO),,,,,,Total
Cross-sector Indicators,Nigeria,Labour force participation rate,Female,2016,48.5764,%,Normal value,,,,,,,International Labour Organization (ILO),,,,,,Total
Cross-sector Indicators,Nigeria,Labour force participation rate,Male,2016,56.355,%,Normal value,,,,,,,International Labour Organization (ILO),,,,,,Total
Cross-sector Indicators,Nicaragua,Labour force participation rate,Female,2014,48.0488,%,Normal value,,,,,,,International Labour Organization (ILO),,,,,,Total
Cross-sector Indicators,Nicaragua,Labour force participation rate,Male,2014,83.3442,%,Normal value,,,,,,,International Labour Organization (ILO),,,,,,Total
Cross-sector Indicators,Netherlands,Labour force participation rate,Female,2018,59.1019,%,Normal value,,,,,,,International Labour Organization (ILO),,,,,,Total
Cross-sector Indicators,Netherlands,Labour force participation rate,Male,2018,69.5951,%,Normal value,,,,,,,International Labour Organization (ILO),,,,,,Total
Cross-sector Indicators,Norway,Labour force participation rate,Female,2018,61.7579,%,Normal value,,,,,,,International Labour Organization (ILO),,,,,,Total
Cross-sector Indicators,Norway,Labour force participation rate,Male,2018,66.36,%,Normal value,,,,,,,International Labour Organization (ILO),,,,,,Total
Cross-sector Indicators,Nepal,Labour force participation rate,Female,2017,26.3195,%,Normal value,,,,,,,International Labour Organization (ILO),,,,,,Total
Cross-sector Indicators,Nepal,Labour force participation rate,Male,2017,53.8417,%,Normal value,,,,,,,International Labour Organization (ILO),,,,,,Total
Cross-sector Indicators,New Zealand,Labour force participation rate,Female,2017,65.38,%,Normal value,,,,,,,International Labour Organization (ILO),,,,,,Total
Cross-sector Indicators,New Zealand,Labour force participation rate,Male,2017,76.22,%,Normal value,,,,,,,International Labour Organization (ILO),,,,,,Total
Cross-sector Indicators,Oman,Labour force participation rate,Female,2016,29.75,%,Normal value,,,,,,,International Labour Organization (ILO),,,,,,Total
Cross-sector Indicators,Oman,Labour force participation rate,Male,2016,87.81,%,Normal value,,,,,,,International Labour Organization (ILO),,,,,,Total
Cross-sector Indicators,Pakistan,Labour force participation rate,Female,2018,21.8595,%,Normal value,,,,,,,International Labour Organization (ILO),,,,,,Total
Cross-sector Indicators,Pakistan,Labour force participation rate,Male,2018,80.3482,%,Normal value,,,,,,,International Labour Organization (ILO),,,,,,Total
Cross-sector Indicators,Panama,Labour force participation rate,Female,2017,49.7364,%,Normal value,,,,,,,International Labour Organization (ILO),,,,,,Total
Cross-sector Indicators,Panama,Labour force participation rate,Male,2017,76.0345,%,Normal value,,,,,,,International Labour Organization (ILO),,,,,,Total
Cross-sector Indicators,Peru,Labour force participation rate,Female,2017,68.6452,%,Normal value,,,,,,,International Labour Organization (ILO),,,,,,Total
Cross-sector Indicators,Peru,Labour force participation rate,Male,2017,82.9375,%,Normal value,,,,,,,International Labour Organization (ILO),,,,,,Total
Cross-sector Indicators,Philippines,Labour force participation rate,Female,2018,45.3934,%,Normal value,,,,,,,International Labour Organization (ILO),,,,,,Total
Cross-sector Indicators,Philippines,Labour force participation rate,Male,2018,72.4832,%,Normal value,,,,,,,International Labour Organization (ILO),,,,,,Total
Cross-sector Indicators,Papua New Guinea,Labour force participation rate,Female,2010,47.6803,%,Normal value,,,,,,,International Labour Organization (ILO),,,,,,Total
Cross-sector Indicators,Papua New Guinea,Labour force participation rate,Male,2010,48.982,%,Normal value,,,,,,,International Labour Organization (ILO),,,,,,Total
Cross-sector Indicators,Poland,Labour force participation rate,Female,2018,48.4647,%,Normal value,,,,,,,International Labour Organization (ILO),,,,,,Total
Cross-sector Indicators,Poland,Labour force participation rate,Male,2018,64.9483,%,Normal value,,,,,,,International Labour Organization (ILO),,,,,,Total
Cross-sector Indicators,Portugal,Labour force participation rate,Female,2018,54.4836,%,Normal value,,,,,,,International Labour Organization (ILO),,,,,,Total
Cross-sector Indicators,Portugal,Labour force participation rate,Male,2018,64.4041,%,Normal value,,,,,,,International Labour Organization (ILO),,,,,,Total
Cross-sector Indicators,Paraguay,Labour force participation rate,Female,2018,59.4616,%,Normal value,,,,,,,International Labour Organization (ILO),,,,,,Total
Cross-sector Indicators,Paraguay,Labour force participation rate,Male,2018,84.4311,%,Normal value,,,,,,,International Labour Organization (ILO),,,,,,Total
Cross-sector Indicators,State of Palestine,Labour force participation rate,Female,2018,20.6589,%,Normal value,,,,,,,International Labour Organization (ILO),,,,,,Total
Cross-sector Indicators,State of Palestine,Labour force participation rate,Male,2018,71.3548,%,Normal value,,,,,,,International Labour Organization (ILO),,,,,,Total
Cross-sector Indicators,Qatar,Labour force participation rate,Female,2017,58.53,%,Normal value,,,,,,,International Labour Organization (ILO),,,,,,Total
Cross-sector Indicators,Qatar,Labour force participation rate,Male,2017,96.08,%,Normal value,,,,,,,International Labour Organization (ILO),,,,,,Total
Cross-sector Indicators,Romania,Labour force participation rate,Female,2018,45.6306,%,Normal value,,,,,,,International Labour Organization (ILO),,,,,,Total
Cross-sector Indicators,Romania,Labour force participation rate,Male,2018,64.938,%,Normal value,,,,,,,International Labour Organization (ILO),,,,,,Total
Cross-sector Indicators,Russian Federation,Labour force participation rate,Female,2018,55.8568,%,Normal value,,,,,,,International Labour Organization (ILO),,,,,,Total
Cross-sector Indicators,Russian Federation,Labour force participation rate,Male,2018,71.3207,%,Normal value,,,,,,,International Labour Organization (ILO),,,,,,Total
Cross-sector Indicators,Rwanda,Labour force participation rate,Female,2017,44.2763,%,Normal value,,,,,,,International Labour Organization (ILO),,,,,,Total
Cross-sector Indicators,Rwanda,Labour force participation rate,Male,2017,60.652,%,Normal value,,,,,,,International Labour Organization (ILO),,,,,,Total
Cross-sector Indicators,Sudan,Labour force participation rate,Female,2011,28.3308,%,Normal value,,,,,,,International Labour Organization (ILO),,,,,,Total
Cross-sector Indicators,Sudan,Labour force participation rate,Male,2011,70.056,%,Normal value,,,,,,,International Labour Organization (ILO),,,,,,Total
Cross-sector Indicators,Senegal,Labour force participation rate,Female,2015,34.5028,%,Normal value,,,,,,,International Labour Organization (ILO),,,,,,Total
Cross-sector Indicators,Senegal,Labour force participation rate,Male,2015,58.0101,%,Normal value,,,,,,,International Labour Organization (ILO),,,,,,Total
Cross-sector Indicators,Sierra Leone,Labour force participation rate,Female,2014,56.342,%,Normal value,,,,,,,International Labour Organization (ILO),,,,,,Total
Cross-sector Indicators,Sierra Leone,Labour force participation rate,Male,2014,57.6456,%,Normal value,,,,,,,International Labour Organization (ILO),,,,,,Total
Cross-sector Indicators,El Salvador,Labour force participation rate,Female,2017,45.7381,%,Normal value,,,,,,,International Labour Organization (ILO),,,,,,Total
Cross-sector Indicators,El Salvador,Labour force participation rate,Male,2017,77.4703,%,Normal value,,,,,,,International Labour Organization (ILO),,,,,,Total
Cross-sector Indicators,Serbia,Labour force participation rate,Female,2018,46.6898,%,Normal value,,,,,,,International Labour Organization (ILO),,,,,,Total
Cross-sector Indicators,Serbia,Labour force participation rate,Male,2018,62.8632,%,Normal value,,,,,,,International Labour Organization (ILO),,,,,,Total
Cross-sector Indicators,Slovakia,Labour force participation rate,Female,2018,52.2771,%,Normal value,,,,,,,International Labour Organization (ILO),,,,,,Total
Cross-sector Indicators,Slovakia,Labour force participation rate,Male,2018,67.8095,%,Normal value,,,,,,,International Labour Organization (ILO),,,,,,Total
Cross-sector Indicators,Slovenia,Labour force participation rate,Female,2018,53.7534,%,Normal value,,,,,,,International Labour Organization (ILO),,,,,,Total
Cross-sector Indicators,Slovenia,Labour force participation rate,Male,2018,63.9846,%,Normal value,,,,,,,International Labour Organization (ILO),,,,,,Total
Cross-sector Indicators,Sweden,Labour force participation rate,Female,2018,70.7786,%,Normal value,,,,,,,International Labour Organization (ILO),,,,,,Total
Cross-sector Indicators,Sweden,Labour force participation rate,Male,2018,75.5035,%,Normal value,,,,,,,International Labour Organization (ILO),,,,,,Total
Cross-sector Indicators,Eswatini,Labour force participation rate,Female,2016,47.1339,%,Normal value,,,,,,,International Labour Organization (ILO),,,,,,Total
Cross-sector Indicators,Eswatini,Labour force participation rate,Male,2016,55.8455,%,Normal value,,,,,,,International Labour Organization (ILO),,,,,,Total
Cross-sector Indicators,Togo,Labour force participation rate,Female,2015,61.2361,%,Normal value,,,,,,,International Labour Organization (ILO),,,,,,Total
Cross-sector Indicators,Togo,Labour force participation rate,Male,2015,49.3811,%,Normal value,,,,,,,International Labour Organization (ILO),,,,,,Total
Cross-sector Indicators,Thailand,Labour force participation rate,Female,2018,59.6533,%,Normal value,,,,,,,International Labour Organization (ILO),,,,,,Total
Cross-sector Indicators,Thailand,Labour force participation rate,Male,2018,76.5257,%,Normal value,,,,,,,International Labour Organization (ILO),,,,,,Total
Cross-sector Indicators,Tajikistan,Labour force participation rate,Female,2009,29.0901,%,Normal value,,,,,,,International Labour Organization (ILO),,,,,,Total
Cross-sector Indicators,Tajikistan,Labour force participation rate,Male,2009,55.9704,%,Normal value,,,,,,,International Labour Organization (ILO),,,,,,Total
Cross-sector Indicators,Timor-Leste,Labour force participation rate,Female,2016,61.3735,%,Normal value,,,,,,,International Labour Organization (ILO),,,,,,Total
Cross-sector Indicators,Timor-Leste,Labour force participation rate,Male,2016,72.6091,%,Normal value,,,,,,,International Labour Organization (ILO),,,,,,Total
Cross-sector Indicators,Tunisia,Labour force participation rate,Female,2013,25.576,%,Normal value,,,,,,,International Labour Organization (ILO),,,,,,Total
Cross-sector Indicators,Tunisia,Labour force participation rate,Male,2013,70.037,%,Normal value,,,,,,,International Labour Organization (ILO),,,,,,Total
Cross-sector Indicators,United Republic of Tanzania,Labour force participation rate,Female,2014,80.1317,%,Normal value,,,,,,,International Labour Organization (ILO),,,,,,Total
Cross-sector Indicators,United Republic of Tanzania,Labour force participation rate,Male,2014,88.1224,%,Normal value,,,,,,,International Labour Organization (ILO),,,,,,Total
Cross-sector Indicators,Uganda,Labour force participation rate,Female,2017,44.95,%,Normal value,,,,,,,International Labour Organization (ILO),,,,,,Total
Cross-sector Indicators,Uganda,Labour force participation rate,Male,2017,61.84,%,Normal value,,,,,,,International Labour Organization (ILO),,,,,,Total
Cross-sector Indicators,Ukraine,Labour force participation rate,Female,2018,56.75,%,Normal value,,,,,,,International Labour Organization (ILO),,,,,,Total
Cross-sector Indicators,Ukraine,Labour force participation rate,Male,2018,69.04,%,Normal value,,,,,,,International Labour Organization (ILO),,,,,,Total
Cross-sector Indicators,Uruguay,Labour force participation rate,Female,2018,55.9604,%,Normal value,,,,,,,International Labour Organization (ILO),,,,,,Total
Cross-sector Indicators,Uruguay,Labour force participation rate,Male,2018,72.1253,%,Normal value,,,,,,,International Labour Organization (ILO),,,,,,Total
Cross-sector Indicators,United States,Labour force participation rate,Female,2018,57.0784,%,Normal value,,,,,,,International Labour Organization (ILO),,,,,,Total
Cross-sector Indicators,United States,Labour force participation rate,Male,2018,69.0549,%,Normal value,,,,,,,International Labour Organization (ILO),,,,,,Total
Cross-sector Indicators,Venezuela (Bolivarian Republic of),Labour force participation rate,Female,2012,45.02,%,Normal value,,,,,,,International Labour Organization (ILO),,,,,,Total
Cross-sector Indicators,Venezuela (Bolivarian Republic of),Labour force participation rate,Male,2012,69.36,%,Normal value,,,,,,,International Labour Organization (ILO),,,,,,Total
Cross-sector Indicators,Viet Nam,Labour force participation rate,Female,2017,71.5742,%,Normal value,,,,,,,International Labour Organization (ILO),,,,,,Total
Cross-sector Indicators,Viet Nam,Labour force participation rate,Male,2017,81.2059,%,Normal value,,,,,,,International Labour Organization (ILO),,,,,,Total
Cross-sector Indicators,Vanuatu,Labour force participation rate,Female,2009,60.195,%,Normal value,,,,,,,International Labour Organization (ILO),,,,,,Total
Cross-sector Indicators,Vanuatu,Labour force participation rate,Male,2009,78.1776,%,Normal value,,,,,,,International Labour Organization (ILO),,,,,,Total
Cross-sector Indicators,Samoa,Labour force participation rate,Female,2017,31.4751,%,Normal value,,,,,,,International Labour Organization (ILO),,,,,,Total
Cross-sector Indicators,Samoa,Labour force participation rate,Male,2017,54.9882,%,Normal value,,,,,,,International Labour Organization (ILO),,,,,,Total
Cross-sector Indicators,Yemen,Labour force participation rate,Female,2014,6.0374,%,Normal value,,,,,,,International Labour Organization (ILO),,,,,,Total
Cross-sector Indicators,Yemen,Labour force participation rate,Male,2014,65.4076,%,Normal value,,,,,,,International Labour Organization (ILO),,,,,,Total
Cross-sector Indicators,South Africa,Labour force participation rate,Female,2018,48.4325,%,Normal value,,,,,,,International Labour Organization (ILO),,,,,,Total
Cross-sector Indicators,South Africa,Labour force participation rate,Male,2018,62.3574,%,Normal value,,,,,,,International Labour Organization (ILO),,,,,,Total
Cross-sector Indicators,Zambia,Labour force participation rate,Female,2017,27.8062,%,Normal value,,,,,,,International Labour Organization (ILO),,,,,,Total
Cross-sector Indicators,Zambia,Labour force participation rate,Male,2017,45.235,%,Normal value,,,,,,,International Labour Organization (ILO),,,,,,Total
Cross-sector Indicators,Zimbabwe,Labour force participation rate,Female,2014,91.85,%,Normal value,,,,,,,International Labour Organization (ILO),,,,,,Total
Cross-sector Indicators,Zimbabwe,Labour force participation rate,Male,2014,82.04,%,Normal value,,,,,,,International Labour Organization (ILO),,,,,,Total
